{
  "Random Forest": {
    "accuracy": 0.9979152189020153,
    "auc_score": 1.0,
    "cv_mean": 0.9968421052631579,
    "cv_std": 0.0015335397033361797
  },
  "Gradient Boosting": {
    "accuracy": 0.9993050729673384,
    "auc_score": 0.9999960415479131,
    "cv_mean": 0.9971428571428571,
    "cv_std": 0.001605575676997186
  },
  "Deep Neural Network": {
    "accuracy": 0.9972202918693537,
    "auc_score": 0.9999584362530876,
    "cv_mean": 0.9972932330827067,
    "cv_std": 0.0018169993945254712
  },
  "SVM (RBF)": {
    "accuracy": 0.9923558026407228,
    "auc_score": 0.9991528912534042,
    "cv_mean": 0.9929323308270679,
    "cv_std": 0.0032808156735746642
  },
  "Logistic Regression": {
    "accuracy": 0.8686587908269632,
    "auc_score": 0.955305117486858,
    "cv_mean": 0.8652631578947367,
    "cv_std": 0.003633998789050994
  },
  "Ensemble": {
    "accuracy": 1.0,
    "auc_score": 1.0,
    "cv_mean": 0.9978947368421054,
    "cv_std": 0.001293582746923709
  }
}